source_product_name,standard_product_name,brand,supply_price,carton_qty,shipping_fee,memo
[Tubble] 케어클린 에어리셋 탈취제 (어반베르데/300g),[Tubble] 케어클린 에어리셋 탈취제 (어반베르데/300g),터블,8500,24,3000,터블(Tubble) 상품 리스트
[Tubble] 이지클린 포밍 주방세제 (본품/500ml),[Tubble] 이지클린 포밍 주방세제 (본품/500ml),터블,4350,20,3000,터블(Tubble) 상품 리스트
"[Tubble] 이지클린 포밍 주방세제 (리필팩/1,000ml)","[Tubble] 이지클린 포밍 주방세제 (리필팩/1,000ml)",터블,4350,12,3000,터블(Tubble) 상품 리스트
[Tubble] 파워클린 더블샷 욕실클리너,[Tubble] 파워클린 더블샷 욕실클리너,터블,3500,6,3000,터블(Tubble) 상품 리스트
[Tubble] 트루클린 캡슐 세탁세제 30P (코튼가든),[Tubble] 트루클린 캡슐 세탁세제 30P (코튼가든),터블,3700,20,3000,터블(Tubble) 상품 리스트
[Tubble] 트루클린 캡슐 세탁세제 30P (모닝머스크),[Tubble] 트루클린 캡슐 세탁세제 30P (모닝머스크),터블,3700,20,3000,터블(Tubble) 상품 리스트
[Tubble] 파워클린 다목적 세정티슈 (60매),[Tubble] 파워클린 다목적 세정티슈 (60매),터블,1900,20,3000,터블(Tubble) 상품 리스트
[Tubble] 트루클린 올인원 캡슐 세탁세제 35P (아쿠아블루),[Tubble] 트루클린 올인원 캡슐 세탁세제 35P (아쿠아블루),터블,5500,23,3000,터블(Tubble) 상품 리스트
[Tubble] 트루클린 올인원 퍼퓸 캡슐 세탁세제 35P (퍼퓸미모사),[Tubble] 트루클린 올인원 퍼퓸 캡슐 세탁세제 35P (퍼퓸미모사),터블,7700,23,3000,터블(Tubble) 상품 리스트
[Tubble] 트루클린 올인원 퍼퓸 캡슐 세탁세제 35P (퍼퓸그라스),[Tubble] 트루클린 올인원 퍼퓸 캡슐 세탁세제 35P (퍼퓸그라스),터블,7700,23,3000,터블(Tubble) 상품 리스트
[Tubble] 이지클린 텀블러 세정제 (스타터팩/10P),[Tubble] 이지클린 텀블러 세정제 (스타터팩/10P),터블,1870,50,3000,터블(Tubble) 상품 리스트
[Tubble] 이지클린 텀블러 세정제 (본품/30P),[Tubble] 이지클린 텀블러 세정제 (본품/30P),터블,6050,36,3000,터블(Tubble) 상품 리스트
[Tubble] 이지클린 텀블러 세정제 (실속팩/100P),[Tubble] 이지클린 텀블러 세정제 (실속팩/100P),터블,13200,15,3000,터블(Tubble) 상품 리스트
[Tubble] 트루클린 세탁조클리너 (4개입),[Tubble] 트루클린 세탁조클리너 (4개입),터블,6270,36,3000,터블(Tubble) 상품 리스트
[Tubble] 이지클린 올인원 식기세척기 세제 (40개입),[Tubble] 이지클린 올인원 식기세척기 세제 (40개입),터블,8250,36,3000,터블(Tubble) 상품 리스트
[Tubble] 트루클린 데일리 세탁 2종 선물세트,[Tubble] 트루클린 데일리 세탁 2종 선물세트,터블,9000,4,3000,터블(Tubble) 선물세트(B2B전용)
[Tubble] 트루클린 올케어 세탁 3종 선물세트 A,[Tubble] 트루클린 올케어 세탁 3종 선물세트 A,터블,15000,4,3000,터블(Tubble) 선물세트(B2B전용)
[Tubble] 이지클린 데일리 주방 3종 선물세트,[Tubble] 이지클린 데일리 주방 3종 선물세트,터블,17000,4,3000,터블(Tubble) 선물세트(B2B전용)
[Tubble] 트루클린 프리미엄 세탁 2종 선물세트,[Tubble] 트루클린 프리미엄 세탁 2종 선물세트,터블,17000,4,3000,터블(Tubble) 선물세트(B2B전용)
[Tubble] 세탁&주방 3종 선물세트,[Tubble] 세탁&주방 3종 선물세트,터블,14000,4,3000,터블(Tubble) 선물세트(B2B전용)
[Tubble] 포밍 주방세제 3종 선물세트,[Tubble] 포밍 주방세제 3종 선물세트,터블,15000,4,3000,터블(Tubble) 선물세트(B2B전용)
[Tubble] 종합 5종 선물세트 A,[Tubble] 종합 5종 선물세트 A,터블,25000,4,3000,터블(Tubble) 선물세트(B2B전용)
[Tubble] 종합 5종 선물세트 B,[Tubble] 종합 5종 선물세트 B,터블,30000,4,3000,터블(Tubble) 선물세트(B2B전용)
[키친플래그] 블랙 시그니처 칼가위 6종 세트,[키친플래그] 블랙 시그니처 칼가위 6종 세트,키친플래그,8500,20,3000,키친플래그(Kitchenflag) 상품리스트
[키친플래그] 키플 홈 소프트 데일리 미니타월 2종 선물세트,[키친플래그] 키플 홈 소프트 데일리 미니타월 2종 선물세트,키친플래그,5600,140,3000,키친플래그(Kitchenflag) 상품리스트
[키친플래그] 스테인레스 304 냄비 3종 세트,[키친플래그] 스테인레스 304 냄비 3종 세트,키친플래그,23000,8,3000,키친플래그(Kitchenflag) 상품리스트
[키친플래그] 스테인레스 304 싱크대 슬라이드 채반,[키친플래그] 스테인레스 304 싱크대 슬라이드 채반,키친플래그,8000,20,3000,키친플래그(Kitchenflag) 상품리스트
[키친플래그] 오일 스프레이 4종 세트,[키친플래그] 오일 스프레이 4종 세트,키친플래그,6700,8,3000,키친플래그(Kitchenflag) 상품리스트
[키친플래그] 3단 타포린 분리수거함,[키친플래그] 3단 타포린 분리수거함,키친플래그,5900,40,3000,키친플래그(Kitchenflag) 상품리스트
[키친플래그] 다용도 극세사 행주 5종 세트,[키친플래그] 다용도 극세사 행주 5종 세트,키친플래그,2200,100,3000,키친플래그(Kitchenflag) 상품리스트
